<?xml version="1.0" encoding="UTF-8"?>
<beans:beans xmlns="http://www.springframework.org/schema/mvc"
	xmlns:xsi="http://www.w3.org/2001/XMLSchema-instance"
	xmlns:context="http://www.springframework.org/schema/context"
	xmlns:beans="http://www.springframework.org/schema/beans"
	xsi:schemaLocation="http://www.springframework.org/schema/mvc http://www.springframework.org/schema/mvc/spring-mvc.xsd
		http://www.springframework.org/schema/context http://www.springframework.org/schema/context/spring-context.xsd
		http://www.springframework.org/schema/beans http://www.springframework.org/schema/beans/spring-beans.xsd">

	<!-- DispatcherServlet Context: defines this servlet's request-processing 
		infrastructure -->

	<!-- Enables the Spring MVC @Controller programming model -->
	<annotation-driven />
	<default-servlet-handler/>
	
	<!-- Handles HTTP GET requests for /resources/** by efficiently serving 
		up static resources in the ${webappRoot}/resources directory -->
	<resources mapping="/**" location="/resources/" /> <!-- resources 무시 -->

	<!-- Resolves views selected for rendering by @Controllers to .jsp resources 
		in the /WEB-INF/views directory -->
	<beans:bean
		class="org.springframework.web.servlet.view.InternalResourceViewResolver">
		<beans:property name="prefix" value="/WEB-INF/views/" />
		<beans:property name="suffix" value=".jsp" />
		<beans:property name="order" value="2" />
	</beans:bean>

	<!-- Tiles 뷰 리졸버 -->
	<beans:bean id="tielsViewResolver"
		class="org.springframework.web.servlet.view.UrlBasedViewResolver">
		<beans:property name="viewClass"
			value="org.springframework.web.servlet.view.tiles3.TilesView" />
		<beans:property name="order" value="1" />
	</beans:bean>
	<!-- Tiles 설정 파일 -->
	<beans:bean id="tilesConfigurer"
		class="org.springframework.web.servlet.view.tiles3.TilesConfigurer">
		<beans:property name="definitions">
			<beans:list>
				<beans:value>/WEB-INF/tiles/tiles.xml</beans:value>
			</beans:list>
		</beans:property>
	</beans:bean>
	
	<context:component-scan base-package="com.company.myapp" />

	<!-- mybatis -->
<!--     <beans:bean id="sqlSessionFactory" class="org.mybatis.spring.SqlSessionFactoryBean"> -->
<!--         <beans:property name="dataSource" ref="dataSource" /> -->
<!--         <beans:property name="mapperLocations" value="classpath:com/test/dev/service/UserMapper.xml" /> -->
<!--     </beans:bean> -->
<!--     <beans:bean id="sqlSession" class="org.mybatis.spring.SqlSessionTemplate"> -->
<!--         <beans:constructor-arg index="0" ref="sqlSessionFactory" /> -->
<!--     </beans:bean> -->

<!--     mybatis -->

<!-- 없으면 오류임 -->
    <beans:bean id="sqlSessionFactory" class="org.mybatis.spring.SqlSessionFactoryBean">
        <beans:property name="dataSource" ref="dataSource" />
        <beans:property name="mapperLocations" value="classpath:com/company/myapp/UserMapper.xml" />
<!--         <beans:property name="mapperLocations" value="classpath:ttestMapper.xml" /> -->
    </beans:bean>
    <beans:bean id="sqlSession" class="org.mybatis.spring.SqlSessionTemplate">
        <beans:constructor-arg index="0" ref="sqlSessionFactory" />
    </beans:bean>

</beans:beans>
