<beans xmlns="http://www.springframework.org/schema/beans"
	xmlns:xsi="http://www.w3.org/2001/XMLSchema-instance"
	xmlns:aop="http://www.springframework.org/schema/aop"
	xmlns:mybatis="http://mybatis.org/schema/mybatis-spring"
	xmlns:tx="http://www.springframework.org/schema/tx"
	xsi:schemaLocation="http://www.springframework.org/schema/beans 
  		http://www.springframework.org/schema/beans/spring-beans.xsd
  		http://mybatis.org/schema/mybatis-spring
  		http://mybatis.org/schema/mybatis-spring.xsd
  		http://www.springframework.org/schema/tx
  		http://www.springframework.org/schema/tx/spring-tx.xsd">

	<!-- JDBC-PostgreSQL -->
	<bean id="dataSource"
		class="org.springframework.jdbc.datasource.DriverManagerDataSource">
		<property name="driverClassName" value="${jdbc.driverClassName}" />
		<property name="url" value="${jdbc.url}" />
		<property name="username" value="${jdbc.username}" />
		<property name="password" value="${jdbc.password}" />
	</bean>

	<!-- Transaction -->
	<bean id="transactionManager"
		class="org.springframework.jdbc.datasource.DataSourceTransactionManager">
		<property name="dataSource" ref="dataSource" />
	</bean>
	
	<tx:annotation-driven transaction-manager="transactionManager"/>

	<!-- MyBatis-Spring -->
	<bean id="sqlSessionFactory" class="org.mybatis.spring.SqlSessionFactoryBean">
		<property name="configLocation" value="classpath:mybatis-config.xml" />
		<property name="dataSource" ref="dataSource" />
	</bean>

	<!-- Mappers -->
	<mybatis:scan base-package="com.mycompany.mapper" />
	
</beans>