<?xml version="1.0" encoding="UTF-8"?>
<beans xmlns="http://www.springframework.org/schema/beans"
	xmlns:xsi="http://www.w3.org/2001/XMLSchema-instance"
	xsi:schemaLocation="http://www.springframework.org/schema/beans http://www.springframework.org/schema/beans/spring-beans.xsd">



	<!-- Root Context: defines shared resources visible to all other web components -->
	<!-- properties -->
	<bean
		class="org.springframework.beans.factory.config.PropertyPlaceholderConfigurer">
		<property name="locations" value="classpath:/jdbc.properties" />
		<property name="fileEncoding" value="UTF-8" />
	</bean>
	<!-- JDBC-PostgreSQL -->
	<bean id="dataSource"
		class="org.springframework.jdbc.datasource.DriverManagerDataSource">
		<property name="driverClassName" value="${jdbc.driverClassName}" />
		<property name="url" value="${jdbc.url}" />
		<property name="username" value="${jdbc.username}" />
		<property name="password" value="${jdbc.password}" />
	</bean>
	<!-- MyBatis-Spring -->
	<bean id="sqlSessionFactory" class="org.mybatis.spring.SqlSessionFactoryBean">
		<property name="configLocation" value="classpath:mybatis-config.xml" />
		<property name="dataSource" ref="dataSource" />
	</bean>

	<!-- MultipartResolver 설정 -->
	<bean id="multipartResolver"
		class="org.springframework.web.multipart.commons.CommonsMultipartResolver">
		<property name="maxUploadSize" value="100000000" />
		<property name="maxInMemorySize" value="100000000" />
	</bean>

	<!-- Maper -->
	<bean id="bookMapper" class="org.mybatis.spring.mapper.MapperFactoryBean">
		<property name="mapperInterface" value="com.mycompany.mapper.BookMapper" />
		<property name="sqlSessionFactory" ref="sqlSessionFactory" />
	</bean>


	<bean id="reviewMapper" class="org.mybatis.spring.mapper.MapperFactoryBean">
		<property name="mapperInterface" value="com.mycompany.mapper.ReviewMapper" />
		<property name="sqlSessionFactory" ref="sqlSessionFactory" />
	</bean>

	<bean id="userMapper" class="org.mybatis.spring.mapper.MapperFactoryBean">
		<property name="mapperInterface" value="com.mycompany.mapper.userMapper" />
		<property name="sqlSessionFactory" ref="sqlSessionFactory" />
	</bean>

	<bean id="messageMapper" class="org.mybatis.spring.mapper.MapperFactoryBean">
		<property name="mapperInterface" value="com.mycompany.mapper.MessageMapper" />
		<property name="sqlSessionFactory" ref="sqlSessionFactory" />
	</bean>

	<bean id="viewResolver"
		class="org.springframework.web.servlet.view.InternalResourceViewResolver">

		<property name="prefix" value="/" />
		<property name="suffix" value=".jsp" />
		<property name="order" value="1" />
	</bean>

	<bean class="org.springframework.web.servlet.view.BeanNameViewResolver">
		<property name="order" value="0" />
	</bean>

<bean id="download" class="com.company.myapp.DownloadView" />

</beans>
